{
  "case_id": 41,
  "category": "high",
  "requested_cond_A": 1000.0,
  "requested_cond_B": 1000.0,
  "actual_cond_A": 164.1308832868126,
  "actual_cond_B": 161.3308354995063,
  "seed": 1041,
  "M": 8,
  "K": 8,
  "N": 8,
  "precision": "int8",
  "A_min": -5.0,
  "A_max": 5.0,
  "A_mean": 0.28125,
  "A_std": 2.0726549248488038,
  "B_min": -5.0,
  "B_max": 5.0,
  "B_mean": -0.15625,
  "B_std": 2.3665557118943976,
  "C_ref_min": -33.0,
  "C_ref_max": 38.0,
  "C_ref_mean": -1.484375,
  "C_ref_std": 11.649828576394375,
  "C_ref_norm": 93.95211546314431
}