{
  "case_id": 10,
  "category": "low",
  "requested_cond_A": 10.0,
  "requested_cond_B": 10.0,
  "actual_cond_A": 9.999999999999998,
  "actual_cond_B": 9.999999999999993,
  "seed": 1010,
  "M": 8,
  "K": 8,
  "N": 8,
  "precision": "fp32",
  "A_min": -3.0,
  "A_max": 2.281533798777639,
  "A_mean": 0.06797079188193927,
  "A_std": 1.1634353073286277,
  "B_min": -3.0,
  "B_max": 2.970226795134091,
  "B_mean": -0.09258143948068986,
  "B_std": 1.31179863629075,
  "C_ref_min": -10.67823483679,
  "C_ref_max": 9.770760251546061,
  "C_ref_mean": 0.01153456697526728,
  "C_ref_std": 3.926246446944809,
  "C_ref_norm": 31.41010712074142
}