{
  "case_id": 0,
  "category": "low",
  "requested_cond_A": 1.0,
  "requested_cond_B": 1.0,
  "actual_cond_A": 1.8532945370866725,
  "actual_cond_B": 2.0897303870165382,
  "seed": 1000,
  "M": 8,
  "K": 8,
  "N": 8,
  "precision": "int8",
  "A_min": -5.0,
  "A_max": 5.0,
  "A_mean": 0.03125,
  "A_std": 4.126775186207749,
  "B_min": -5.0,
  "B_max": 5.0,
  "B_mean": 0.171875,
  "B_std": 3.834688251263067,
  "C_ref_min": -103.0,
  "C_ref_max": 83.0,
  "C_ref_mean": -12.21875,
  "C_ref_std": 43.25125314297263,
  "C_ref_norm": 359.55249964365424
}