{
  "case_id": 20,
  "category": "medium",
  "requested_cond_A": 60.0,
  "requested_cond_B": 60.0,
  "actual_cond_A": 2.7146926659342666e+17,
  "actual_cond_B": 287.72357308571304,
  "seed": 1020,
  "M": 8,
  "K": 8,
  "N": 8,
  "precision": "int8",
  "A_min": -5.0,
  "A_max": 5.0,
  "A_mean": -0.03125,
  "A_std": 2.098874326275873,
  "B_min": -5.0,
  "B_max": 5.0,
  "B_mean": 0.09375,
  "B_std": 2.2480460265528373,
  "C_ref_min": -46.0,
  "C_ref_max": 40.0,
  "C_ref_mean": -0.359375,
  "C_ref_std": 12.908775101045606,
  "C_ref_norm": 103.31021246711285
}