{
  "case_id": 7,
  "category": "low",
  "requested_cond_A": 8.0,
  "requested_cond_B": 8.0,
  "actual_cond_A": 7.999999999999994,
  "actual_cond_B": 7.9999999999999964,
  "seed": 1007,
  "M": 8,
  "K": 8,
  "N": 8,
  "precision": "fp32",
  "A_min": -3.0,
  "A_max": 1.9216719373762836,
  "A_mean": -0.2857844331730678,
  "A_std": 1.2884134412702128,
  "B_min": -3.0,
  "B_max": 1.4706067623189125,
  "B_mean": -0.09428442955958605,
  "B_std": 0.8160725459461854,
  "C_ref_min": -8.02014882359789,
  "C_ref_max": 9.78334541049682,
  "C_ref_mean": -0.3720662636597376,
  "C_ref_std": 3.305007107872556,
  "C_ref_norm": 26.6070730898586
}