{
  "case_id": 2,
  "category": "low",
  "requested_cond_A": 3.0,
  "requested_cond_B": 3.0,
  "actual_cond_A": 2.9089616348731333,
  "actual_cond_B": 6.127759261121689,
  "seed": 1002,
  "M": 8,
  "K": 8,
  "N": 8,
  "precision": "int8",
  "A_min": -5.0,
  "A_max": 5.0,
  "A_mean": 0.171875,
  "A_std": 3.333329264320433,
  "B_min": -5.0,
  "B_max": 5.0,
  "B_mean": 0.546875,
  "B_std": 3.196334265119185,
  "C_ref_min": -53.0,
  "C_ref_max": 62.0,
  "C_ref_mean": 12.40625,
  "C_ref_std": 28.146779761413207,
  "C_ref_norm": 246.07722365143832
}