{
  "case_id": 15,
  "category": "medium",
  "requested_cond_A": 20.0,
  "requested_cond_B": 20.0,
  "actual_cond_A": 20.31977728855148,
  "actual_cond_B": 33.295198282885984,
  "seed": 1015,
  "M": 8,
  "K": 8,
  "N": 8,
  "precision": "int8",
  "A_min": -5.0,
  "A_max": 5.0,
  "A_mean": -0.015625,
  "A_std": 2.4653358512330525,
  "B_min": -5.0,
  "B_max": 5.0,
  "B_mean": 0.03125,
  "B_std": 2.5246828389918603,
  "C_ref_min": -52.0,
  "C_ref_max": 36.0,
  "C_ref_mean": -3.328125,
  "C_ref_std": 17.30882604292894,
  "C_ref_norm": 141.0070920202243
}