{
  "case_id": 36,
  "category": "high",
  "requested_cond_A": 800.0,
  "requested_cond_B": 800.0,
  "actual_cond_A": 394.1341230693831,
  "actual_cond_B": 84.97932340704837,
  "seed": 1036,
  "M": 8,
  "K": 8,
  "N": 8,
  "precision": "int8",
  "A_min": -5.0,
  "A_max": 5.0,
  "A_mean": 0.21875,
  "A_std": 2.2670792746395083,
  "B_min": -5.0,
  "B_max": 5.0,
  "B_mean": -0.125,
  "B_std": 2.301494079940246,
  "C_ref_min": -28.0,
  "C_ref_max": 32.0,
  "C_ref_mean": 1.84375,
  "C_ref_std": 10.341389458747795,
  "C_ref_norm": 84.03570669661795
}