{
  "case_id": 33,
  "category": "high",
  "requested_cond_A": 500.0,
  "requested_cond_B": 500.0,
  "actual_cond_A": 499.9999999999995,
  "actual_cond_B": 500.0000000000075,
  "seed": 1033,
  "M": 8,
  "K": 8,
  "N": 8,
  "precision": "fp16",
  "A_min": -3.0,
  "A_max": 2.8248779136607873,
  "A_mean": 0.04983932617621044,
  "A_std": 0.9576695773171423,
  "B_min": -2.4588733282270203,
  "B_max": 3.0,
  "B_mean": 0.15069419378626767,
  "B_std": 0.7552241693396352,
  "C_ref_min": -6.839837137491188,
  "C_ref_max": 4.915475847751044,
  "C_ref_mean": 0.16859931169201367,
  "C_ref_std": 2.087153366019355,
  "C_ref_norm": 16.751615852689927
}