{
  "case_id": 12,
  "category": "low",
  "requested_cond_A": 10.0,
  "requested_cond_B": 10.0,
  "actual_cond_A": 10.000000000000002,
  "actual_cond_B": 9.999999999999998,
  "seed": 1012,
  "M": 8,
  "K": 8,
  "N": 8,
  "precision": "fp16",
  "A_min": -2.2882842931211407,
  "A_max": 3.0,
  "A_mean": 0.09871925469159919,
  "A_std": 1.0715327627284206,
  "B_min": -3.0,
  "B_max": 2.23501680210256,
  "B_mean": 0.07477488991369277,
  "B_std": 1.1153415535569087,
  "C_ref_min": -10.18582450447531,
  "C_ref_max": 5.779328531763389,
  "C_ref_mean": -1.483009041781799,
  "C_ref_std": 2.924444461441278,
  "C_ref_norm": 26.231817292515448
}