{
  "case_id": 34,
  "category": "high",
  "requested_cond_A": 600.0,
  "requested_cond_B": 600.0,
  "actual_cond_A": 599.9999999999947,
  "actual_cond_B": 600.0000000000178,
  "seed": 1034,
  "M": 8,
  "K": 8,
  "N": 8,
  "precision": "fp16",
  "A_min": -2.4578894295376204,
  "A_max": 3.0,
  "A_mean": 0.15053616139958464,
  "A_std": 0.7512127331172507,
  "B_min": -2.9999999999999996,
  "B_max": 1.4264604790795872,
  "B_mean": 0.010366918749282111,
  "B_std": 0.7357888151755069,
  "C_ref_min": -7.803991532203406,
  "C_ref_max": 4.419985168927286,
  "C_ref_mean": -0.12116166503862175,
  "C_ref_std": 1.6322060899689388,
  "C_ref_norm": 13.093575509738502
}