{
  "case_id": 23,
  "category": "medium",
  "requested_cond_A": 90.0,
  "requested_cond_B": 90.0,
  "actual_cond_A": 90.0,
  "actual_cond_B": 89.99999999999962,
  "seed": 1023,
  "M": 8,
  "K": 8,
  "N": 8,
  "precision": "fp16",
  "A_min": -0.6823759380144603,
  "A_max": 2.9999999999999996,
  "A_mean": 0.32797236410609787,
  "A_std": 0.6912221195292317,
  "B_min": -3.0,
  "B_max": 1.8441238123912826,
  "B_mean": -0.25060133774660287,
  "B_std": 0.9157901087016875,
  "C_ref_min": -2.477771306195728,
  "C_ref_max": 2.816906451049414,
  "C_ref_mean": -0.07191642729805607,
  "C_ref_std": 1.0786781191620956,
  "C_ref_norm": 8.648582615987497
}