{
  "case_id": 37,
  "category": "high",
  "requested_cond_A": 900.0,
  "requested_cond_B": 900.0,
  "actual_cond_A": 900.0000000000026,
  "actual_cond_B": 900.000000000021,
  "seed": 1037,
  "M": 8,
  "K": 8,
  "N": 8,
  "precision": "fp32",
  "A_min": -3.0,
  "A_max": 2.416222723141045,
  "A_mean": -0.05851905842884709,
  "A_std": 1.0733620520116807,
  "B_min": -1.8051913592670927,
  "B_max": 3.0,
  "B_mean": 0.09812155973441607,
  "B_std": 0.8849765506503843,
  "C_ref_min": -11.93657680005885,
  "C_ref_max": 8.592135459887647,
  "C_ref_mean": -0.19164101468664185,
  "C_ref_std": 4.169390614642567,
  "C_ref_norm": 33.39034052031662
}