{
  "case_id": 20,
  "category": "medium",
  "requested_cond_A": 60.0,
  "requested_cond_B": 60.0,
  "actual_cond_A": 59.99999999999989,
  "actual_cond_B": 60.00000000000012,
  "seed": 1020,
  "M": 8,
  "K": 8,
  "N": 8,
  "precision": "fp32",
  "A_min": -2.5577406707056083,
  "A_max": 3.0,
  "A_mean": 0.009202562044709223,
  "A_std": 0.7735120989767275,
  "B_min": -1.5350640564375135,
  "B_max": 2.9999999999999996,
  "B_mean": 0.06150674704477985,
  "B_std": 0.7989839090408282,
  "C_ref_min": -4.04034127812148,
  "C_ref_max": 3.5784273744861173,
  "C_ref_mean": -0.07421219403649759,
  "C_ref_std": 1.3853211309396314,
  "C_ref_norm": 11.09845995967821
}