{
  "case_id": 21,
  "category": "medium",
  "requested_cond_A": 70.0,
  "requested_cond_B": 70.0,
  "actual_cond_A": 70.0,
  "actual_cond_B": 69.99999999999999,
  "seed": 1021,
  "M": 8,
  "K": 8,
  "N": 8,
  "precision": "fp16",
  "A_min": -1.533989023152946,
  "A_max": 3.0,
  "A_mean": 0.05845923761849403,
  "A_std": 0.7939445955310857,
  "B_min": -2.0624639835905465,
  "B_max": 2.9999999999999996,
  "B_mean": 0.30070998897021384,
  "B_std": 1.1281651475748107,
  "C_ref_min": -10.8503860038181,
  "C_ref_max": 9.333499036505753,
  "C_ref_mean": 0.12451420151261278,
  "C_ref_std": 3.0377321711270917,
  "C_ref_norm": 24.322263749746767
}