{
  "case_id": 31,
  "category": "high",
  "requested_cond_A": 300.0,
  "requested_cond_B": 300.0,
  "actual_cond_A": 84.31977071375202,
  "actual_cond_B": 702.7182440613337,
  "seed": 1031,
  "M": 8,
  "K": 8,
  "N": 8,
  "precision": "int8",
  "A_min": -5.0,
  "A_max": 5.0,
  "A_mean": 0.046875,
  "A_std": 2.334722196402604,
  "B_min": -5.0,
  "B_max": 5.0,
  "B_mean": 0.09375,
  "B_std": 2.1630328100840264,
  "C_ref_min": -46.0,
  "C_ref_max": 46.0,
  "C_ref_mean": 1.296875,
  "C_ref_std": 16.88812423670477,
  "C_ref_norm": 135.5027674994131
}