{
  "case_id": 9,
  "category": "low",
  "requested_cond_A": 10.0,
  "requested_cond_B": 10.0,
  "actual_cond_A": 10.000000000000005,
  "actual_cond_B": 9.999999999999998,
  "seed": 1009,
  "M": 8,
  "K": 8,
  "N": 8,
  "precision": "fp32",
  "A_min": -1.7180446326902814,
  "A_max": 3.0,
  "A_mean": -0.02772194235752895,
  "A_std": 0.8205359748750163,
  "B_min": -3.0,
  "B_max": 2.281533798777639,
  "B_mean": 0.06797079188193927,
  "B_std": 1.1634353073286277,
  "C_ref_min": -4.33028522517519,
  "C_ref_max": 8.238198732083465,
  "C_ref_mean": -0.04375892970677964,
  "C_ref_std": 2.5867394877354704,
  "C_ref_norm": 20.696876705573214
}