{
  "case_id": 26,
  "category": "medium",
  "requested_cond_A": 100.0,
  "requested_cond_B": 100.0,
  "actual_cond_A": 95.77854038931201,
  "actual_cond_B": 98.00664050877576,
  "seed": 1026,
  "M": 8,
  "K": 8,
  "N": 8,
  "precision": "int8",
  "A_min": -5.0,
  "A_max": 5.0,
  "A_mean": 0.0,
  "A_std": 2.5062422069704278,
  "B_min": -5.0,
  "B_max": 5.0,
  "B_mean": 0.1875,
  "B_std": 2.2560682059725057,
  "C_ref_min": -37.0,
  "C_ref_max": 44.0,
  "C_ref_mean": -0.234375,
  "C_ref_std": 16.102932756469393,
  "C_ref_norm": 128.8371064561759
}