{
  "case_id": 16,
  "category": "medium",
  "requested_cond_A": 25.0,
  "requested_cond_B": 25.0,
  "actual_cond_A": 104.47635496919635,
  "actual_cond_B": 1168.3378258821117,
  "seed": 1016,
  "M": 8,
  "K": 8,
  "N": 8,
  "precision": "int8",
  "A_min": -5.0,
  "A_max": 5.0,
  "A_mean": 0.03125,
  "A_std": 2.468354398683463,
  "B_min": -5.0,
  "B_max": 5.0,
  "B_mean": -0.40625,
  "B_std": 2.5169348298078758,
  "C_ref_min": -65.0,
  "C_ref_max": 40.0,
  "C_ref_mean": 0.515625,
  "C_ref_std": 16.466815291955363,
  "C_ref_norm": 131.79908952644553
}