{
  "case_id": 32,
  "category": "high",
  "requested_cond_A": 400.0,
  "requested_cond_B": 400.0,
  "actual_cond_A": 400.0000000000024,
  "actual_cond_B": 399.99999999999966,
  "seed": 1032,
  "M": 8,
  "K": 8,
  "N": 8,
  "precision": "fp16",
  "A_min": -3.0,
  "A_max": 2.2981236593957166,
  "A_mean": 0.0006716840488638354,
  "A_std": 0.9730671875674085,
  "B_min": -3.0,
  "B_max": 2.8133943891686104,
  "B_mean": 0.051412209345800416,
  "B_std": 0.9590152308624681,
  "C_ref_min": -5.904547251990275,
  "C_ref_max": 8.765275617638649,
  "C_ref_mean": 0.03922908898035828,
  "C_ref_std": 2.6134273559678918,
  "C_ref_norm": 20.909774122309106
}