{
  "case_id": 13,
  "category": "low",
  "requested_cond_A": 10.0,
  "requested_cond_B": 10.0,
  "actual_cond_A": 9.999999999999998,
  "actual_cond_B": 10.0,
  "seed": 1013,
  "M": 8,
  "K": 8,
  "N": 8,
  "precision": "fp32",
  "A_min": -3.0,
  "A_max": 2.23501680210256,
  "A_mean": 0.07477488991369277,
  "A_std": 1.1153415535569087,
  "B_min": -3.0,
  "B_max": 2.0889657024253863,
  "B_mean": 0.10500269952490202,
  "B_std": 1.0585889514944402,
  "C_ref_min": -8.753040975934864,
  "C_ref_max": 9.84366384264111,
  "C_ref_mean": 0.06945892278796725,
  "C_ref_std": 3.609780893732452,
  "C_ref_norm": 28.88359273244044
}