{
  "case_id": 14,
  "category": "medium",
  "requested_cond_A": 15.0,
  "requested_cond_B": 15.0,
  "actual_cond_A": 94.3314558760468,
  "actual_cond_B": 14.194802622020951,
  "seed": 1014,
  "M": 8,
  "K": 8,
  "N": 8,
  "precision": "int8",
  "A_min": -5.0,
  "A_max": 5.0,
  "A_mean": 0.375,
  "A_std": 2.707050978463464,
  "B_min": -5.0,
  "B_max": 5.0,
  "B_mean": -0.015625,
  "B_std": 2.5463956604139506,
  "C_ref_min": -44.0,
  "C_ref_max": 62.0,
  "C_ref_mean": -1.828125,
  "C_ref_std": 20.180091277899983,
  "C_ref_norm": 162.1018198540658
}