{
  "case_id": 34,
  "category": "high",
  "requested_cond_A": 600.0,
  "requested_cond_B": 600.0,
  "actual_cond_A": 8.075411702148165e+16,
  "actual_cond_B": Infinity,
  "seed": 1034,
  "M": 8,
  "K": 8,
  "N": 8,
  "precision": "int8",
  "A_min": -5.0,
  "A_max": 5.0,
  "A_mean": 0.421875,
  "A_std": 1.9268228990685679,
  "B_min": -5.0,
  "B_max": 5.0,
  "B_mean": 0.09375,
  "B_std": 1.885128891481959,
  "C_ref_min": -35.0,
  "C_ref_max": 22.0,
  "C_ref_mean": -0.625,
  "C_ref_std": 9.584329658353786,
  "C_ref_norm": 76.83749084919418
}