{
  "case_id": 5,
  "category": "low",
  "requested_cond_A": 6.0,
  "requested_cond_B": 6.0,
  "actual_cond_A": 6.000000000000002,
  "actual_cond_B": 5.999999999999999,
  "seed": 1005,
  "M": 8,
  "K": 8,
  "N": 8,
  "precision": "fp16",
  "A_min": -2.1412062389921576,
  "A_max": 3.0,
  "A_mean": 0.05365770904626198,
  "A_std": 1.126631266871571,
  "B_min": -2.529738943497064,
  "B_max": 3.0,
  "B_mean": 0.01278756958935695,
  "B_std": 1.1022722729763659,
  "C_ref_min": -6.659902047256878,
  "C_ref_max": 13.88119710916533,
  "C_ref_mean": 0.5460769518140625,
  "C_ref_std": 3.6697196249786153,
  "C_ref_norm": 29.681015792057494
}