{
  "case_id": 29,
  "category": "high",
  "requested_cond_A": 200.0,
  "requested_cond_B": 200.0,
  "actual_cond_A": 200.00000000000006,
  "actual_cond_B": 199.9999999999994,
  "seed": 1029,
  "M": 8,
  "K": 8,
  "N": 8,
  "precision": "fp16",
  "A_min": -3.0,
  "A_max": 2.0953483558020674,
  "A_mean": -0.007427177649765273,
  "A_std": 0.812215377959809,
  "B_min": -2.5509857377391687,
  "B_max": 3.0,
  "B_mean": -0.01389411237284121,
  "B_std": 0.8615927230050342,
  "C_ref_min": -7.269425949211767,
  "C_ref_max": 10.032252858363986,
  "C_ref_mean": 0.11412360883180449,
  "C_ref_std": 2.3790975875792637,
  "C_ref_norm": 19.0546658295644
}