{
  "case_id": 2,
  "category": "low",
  "requested_cond_A": 3.0,
  "requested_cond_B": 3.0,
  "actual_cond_A": 3.0000000000000004,
  "actual_cond_B": 2.9999999999999996,
  "seed": 1002,
  "M": 8,
  "K": 8,
  "N": 8,
  "precision": "fp32",
  "A_min": -1.933320168567706,
  "A_max": 3.0,
  "A_mean": 0.09686919772227581,
  "A_std": 0.9714982972311317,
  "B_min": -3.0,
  "B_max": 2.1728045880587157,
  "B_mean": 0.13257189174624556,
  "B_std": 0.9259872785846363,
  "C_ref_min": -4.4095682282791975,
  "C_ref_max": 7.143123164142406,
  "C_ref_mean": 1.2339549618927612,
  "C_ref_std": 2.2893346685707905,
  "C_ref_norm": 20.80568856473617
}