{
  "case_id": 1,
  "category": "low",
  "requested_cond_A": 2.0,
  "requested_cond_B": 2.0,
  "actual_cond_A": 2.6255399273558355,
  "actual_cond_B": 2.4465499440080802,
  "seed": 1001,
  "M": 8,
  "K": 8,
  "N": 8,
  "precision": "int8",
  "A_min": -5.0,
  "A_max": 5.0,
  "A_mean": 0.359375,
  "A_std": 3.506098203042094,
  "B_min": -5.0,
  "B_max": 5.0,
  "B_mean": 0.140625,
  "B_std": 3.5525835119494378,
  "C_ref_min": -87.0,
  "C_ref_max": 88.0,
  "C_ref_mean": 2.125,
  "C_ref_std": 35.07113307265678,
  "C_ref_norm": 281.0836174521738
}