{
  "case_id": 11,
  "category": "low",
  "requested_cond_A": 10.0,
  "requested_cond_B": 10.0,
  "actual_cond_A": 16.71776863272878,
  "actual_cond_B": 14.197820754160572,
  "seed": 1011,
  "M": 8,
  "K": 8,
  "N": 8,
  "precision": "int8",
  "A_min": -5.0,
  "A_max": 5.0,
  "A_mean": -0.109375,
  "A_std": 2.8455952117922534,
  "B_min": -5.0,
  "B_max": 5.0,
  "B_mean": 0.1875,
  "B_std": 2.8661548719495253,
  "C_ref_min": -59.0,
  "C_ref_max": 43.0,
  "C_ref_mean": 2.75,
  "C_ref_std": 21.872499857126527,
  "C_ref_norm": 176.35759127409287
}