{
  "case_id": 9,
  "category": "low",
  "requested_cond_A": 10.0,
  "requested_cond_B": 10.0,
  "actual_cond_A": 8.054578674372157,
  "actual_cond_B": 10.704353149954697,
  "seed": 1009,
  "M": 8,
  "K": 8,
  "N": 8,
  "precision": "int8",
  "A_min": -5.0,
  "A_max": 5.0,
  "A_mean": -0.125,
  "A_std": 2.576941016011038,
  "B_min": -5.0,
  "B_max": 5.0,
  "B_mean": 0.3125,
  "B_std": 2.7775607554111215,
  "C_ref_min": -32.0,
  "C_ref_max": 54.0,
  "C_ref_mean": -0.109375,
  "C_ref_std": 19.460791661938497,
  "C_ref_norm": 155.68879214638412
}