{
  "case_id": 11,
  "category": "low",
  "requested_cond_A": 10.0,
  "requested_cond_B": 10.0,
  "actual_cond_A": 9.999999999999993,
  "actual_cond_B": 10.000000000000002,
  "seed": 1011,
  "M": 8,
  "K": 8,
  "N": 8,
  "precision": "fp32",
  "A_min": -3.0,
  "A_max": 2.970226795134091,
  "A_mean": -0.09258143948068986,
  "A_std": 1.31179863629075,
  "B_min": -2.2882842931211407,
  "B_max": 3.0,
  "B_mean": 0.09871925469159919,
  "B_std": 1.0715327627284206,
  "C_ref_min": -9.571442398172914,
  "C_ref_max": 7.523313658923431,
  "C_ref_mean": 0.5790827183602618,
  "C_ref_std": 3.624663349568615,
  "C_ref_norm": 29.36503629002026
}