{
  "case_id": 21,
  "category": "medium",
  "requested_cond_A": 70.0,
  "requested_cond_B": 70.0,
  "actual_cond_A": 72.2254114497692,
  "actual_cond_B": 488.20170806368566,
  "seed": 1021,
  "M": 8,
  "K": 8,
  "N": 8,
  "precision": "int8",
  "A_min": -5.0,
  "A_max": 5.0,
  "A_mean": 0.046875,
  "A_std": 2.1825278312944834,
  "B_min": -5.0,
  "B_max": 5.0,
  "B_mean": 0.5,
  "B_std": 2.3651109910530628,
  "C_ref_min": -43.0,
  "C_ref_max": 40.0,
  "C_ref_mean": 0.1875,
  "C_ref_std": 16.19497896726019,
  "C_ref_norm": 129.56851469396415
}