{
  "case_id": 40,
  "category": "high",
  "requested_cond_A": 1000.0,
  "requested_cond_B": 1000.0,
  "actual_cond_A": 46.12434408164814,
  "actual_cond_B": 164.1308832868126,
  "seed": 1040,
  "M": 8,
  "K": 8,
  "N": 8,
  "precision": "int8",
  "A_min": -5.0,
  "A_max": 5.0,
  "A_mean": 0.0,
  "A_std": 1.9921721813136535,
  "B_min": -5.0,
  "B_max": 5.0,
  "B_mean": 0.28125,
  "B_std": 2.0726549248488038,
  "C_ref_min": -41.0,
  "C_ref_max": 24.0,
  "C_ref_mean": -0.734375,
  "C_ref_std": 9.53978869574033,
  "C_ref_norm": 76.54410493303844
}