{
  "case_id": 25,
  "category": "medium",
  "requested_cond_A": 100.0,
  "requested_cond_B": 100.0,
  "actual_cond_A": 165.14228579923804,
  "actual_cond_B": 95.77854038931201,
  "seed": 1025,
  "M": 8,
  "K": 8,
  "N": 8,
  "precision": "int8",
  "A_min": -5.0,
  "A_max": 5.0,
  "A_mean": 0.171875,
  "A_std": 2.3355586022138257,
  "B_min": -5.0,
  "B_max": 5.0,
  "B_mean": 0.0,
  "B_std": 2.5062422069704278,
  "C_ref_min": -37.0,
  "C_ref_max": 39.0,
  "C_ref_mean": -1.375,
  "C_ref_std": 13.741474629747712,
  "C_ref_norm": 110.48076755707302
}