{
  "case_id": 8,
  "category": "low",
  "requested_cond_A": 9.0,
  "requested_cond_B": 9.0,
  "actual_cond_A": 8.621860306549213,
  "actual_cond_B": 9.087990190898484,
  "seed": 1008,
  "M": 8,
  "K": 8,
  "N": 8,
  "precision": "int8",
  "A_min": -5.0,
  "A_max": 5.0,
  "A_mean": -0.203125,
  "A_std": 2.6878179317756996,
  "B_min": -5.0,
  "B_max": 5.0,
  "B_mean": -0.109375,
  "B_std": 2.6286711679810773,
  "C_ref_min": -36.0,
  "C_ref_max": 50.0,
  "C_ref_mean": 0.703125,
  "C_ref_std": 18.401494239174575,
  "C_ref_norm": 147.31938093815083
}