{
  "case_id": 29,
  "category": "high",
  "requested_cond_A": 200.0,
  "requested_cond_B": 200.0,
  "actual_cond_A": 75.59480327900792,
  "actual_cond_B": 1.6236507916747386e+17,
  "seed": 1029,
  "M": 8,
  "K": 8,
  "N": 8,
  "precision": "int8",
  "A_min": -5.0,
  "A_max": 5.0,
  "A_mean": 0.03125,
  "A_std": 1.968253905749967,
  "B_min": -5.0,
  "B_max": 5.0,
  "B_mean": 0.0,
  "B_std": 2.0,
  "C_ref_min": -43.0,
  "C_ref_max": 41.0,
  "C_ref_mean": 0.0,
  "C_ref_std": 12.911961508616729,
  "C_ref_norm": 103.29569206893383
}