{
  "case_id": 28,
  "category": "high",
  "requested_cond_A": 150.0,
  "requested_cond_B": 150.0,
  "actual_cond_A": 2.7926260978873152e+17,
  "actual_cond_B": 267.9939369047284,
  "seed": 1028,
  "M": 8,
  "K": 8,
  "N": 8,
  "precision": "int8",
  "A_min": -5.0,
  "A_max": 5.0,
  "A_mean": 0.40625,
  "A_std": 2.0441895551782863,
  "B_min": -5.0,
  "B_max": 5.0,
  "B_mean": 0.0625,
  "B_std": 2.0068242947502903,
  "C_ref_min": -20.0,
  "C_ref_max": 31.0,
  "C_ref_mean": 0.609375,
  "C_ref_std": 9.964965484605303,
  "C_ref_norm": 79.86864215698174
}