{
  "case_id": 38,
  "category": "high",
  "requested_cond_A": 1000.0,
  "requested_cond_B": 1000.0,
  "actual_cond_A": 7.102169214824134e+18,
  "actual_cond_B": 90.78473879096212,
  "seed": 1038,
  "M": 8,
  "K": 8,
  "N": 8,
  "precision": "int8",
  "A_min": -5.0,
  "A_max": 5.0,
  "A_mean": 0.15625,
  "A_std": 2.108159371940366,
  "B_min": -5.0,
  "B_max": 5.0,
  "B_mean": 0.53125,
  "B_std": 2.068882171004429,
  "C_ref_min": -34.0,
  "C_ref_max": 31.0,
  "C_ref_mean": -0.71875,
  "C_ref_std": 9.964732732868454,
  "C_ref_norm": 79.92496481075234
}