{
  "case_id": 19,
  "category": "medium",
  "requested_cond_A": 50.0,
  "requested_cond_B": 50.0,
  "actual_cond_A": 49.999999999999766,
  "actual_cond_B": 49.999999999999986,
  "seed": 1019,
  "M": 8,
  "K": 8,
  "N": 8,
  "precision": "fp16",
  "A_min": -3.0,
  "A_max": 2.6717437570908524,
  "A_mean": 0.06641234533693734,
  "A_std": 0.9654361692649428,
  "B_min": -2.561125417228436,
  "B_max": 3.0,
  "B_mean": 0.009768163967721916,
  "B_std": 0.78427553727761,
  "C_ref_min": -8.742626821258561,
  "C_ref_max": 12.571257052292669,
  "C_ref_mean": 0.20163710137682875,
  "C_ref_std": 2.6819231438170426,
  "C_ref_norm": 21.515939051771852
}