{
  "case_id": 1,
  "category": "low",
  "requested_cond_A": 2.0,
  "requested_cond_B": 2.0,
  "actual_cond_A": 2.0,
  "actual_cond_B": 2.0,
  "seed": 1001,
  "M": 8,
  "K": 8,
  "N": 8,
  "precision": "fp32",
  "A_min": -2.5104397577201447,
  "A_max": 3.0,
  "A_mean": 0.1127031905919394,
  "A_std": 1.2792136014992745,
  "B_min": -2.0802924812554497,
  "B_max": 3.0,
  "B_mean": 0.09649746293242652,
  "B_std": 1.0682389068023683,
  "C_ref_min": -8.34617335370873,
  "C_ref_max": 9.440363451202492,
  "C_ref_mean": 0.04578933946038449,
  "C_ref_std": 3.8345071535589925,
  "C_ref_norm": 30.678244303665938
}