{
  "case_id": 39,
  "category": "high",
  "requested_cond_A": 1000.0,
  "requested_cond_B": 1000.0,
  "actual_cond_A": 999.9999999999764,
  "actual_cond_B": 999.9999999999918,
  "seed": 1039,
  "M": 8,
  "K": 8,
  "N": 8,
  "precision": "fp16",
  "A_min": -3.0,
  "A_max": 2.2397848025924505,
  "A_mean": 0.20084959888465603,
  "A_std": 0.8579141194781642,
  "B_min": -2.1578677377417192,
  "B_max": 3.0,
  "B_mean": -0.006994690484134756,
  "B_std": 0.7473902784586838,
  "C_ref_min": -2.3448653198705,
  "C_ref_max": 3.781919067438908,
  "C_ref_mean": 0.06813710401809357,
  "C_ref_std": 1.0431399166855586,
  "C_ref_norm": 8.362903039406262
}