{
  "case_id": 5,
  "category": "low",
  "requested_cond_A": 6.0,
  "requested_cond_B": 6.0,
  "actual_cond_A": 4.878372267774858,
  "actual_cond_B": 20.379866994804075,
  "seed": 1005,
  "M": 8,
  "K": 8,
  "N": 8,
  "precision": "int8",
  "A_min": -5.0,
  "A_max": 5.0,
  "A_mean": 0.046875,
  "A_std": 3.017810089183049,
  "B_min": -5.0,
  "B_max": 5.0,
  "B_mean": -0.046875,
  "B_std": 2.8418176814100864,
  "C_ref_min": -41.0,
  "C_ref_max": 78.0,
  "C_ref_mean": 3.609375,
  "C_ref_std": 24.022526659562168,
  "C_ref_norm": 194.33733557914186
}