{
  "case_id": 25,
  "category": "medium",
  "requested_cond_A": 100.0,
  "requested_cond_B": 100.0,
  "actual_cond_A": 99.99999999999987,
  "actual_cond_B": 100.00000000000009,
  "seed": 1025,
  "M": 8,
  "K": 8,
  "N": 8,
  "precision": "fp16",
  "A_min": -1.9207200406396292,
  "A_max": 3.0,
  "A_mean": 0.07736708926460036,
  "A_std": 0.9547832576214338,
  "B_min": -3.0,
  "B_max": 2.9830482121103827,
  "B_mean": -0.007923949296220475,
  "B_std": 1.4892714554677902,
  "C_ref_min": -7.898722152250067,
  "C_ref_max": 6.963526388423464,
  "C_ref_mean": -0.25848807168372534,
  "C_ref_std": 3.2055183231037767,
  "C_ref_norm": 25.727387807339408
}