{
  "case_id": 19,
  "category": "medium",
  "requested_cond_A": 50.0,
  "requested_cond_B": 50.0,
  "actual_cond_A": 67.71963941813185,
  "actual_cond_B": 1.4756348435751824e+17,
  "seed": 1019,
  "M": 8,
  "K": 8,
  "N": 8,
  "precision": "int8",
  "A_min": -5.0,
  "A_max": 5.0,
  "A_mean": 0.171875,
  "A_std": 2.3489005905689155,
  "B_min": -5.0,
  "B_max": 5.0,
  "B_mean": 0.03125,
  "B_std": 2.121090153081665,
  "C_ref_min": -54.0,
  "C_ref_max": 84.0,
  "C_ref_mean": 1.078125,
  "C_ref_std": 18.36037231333763,
  "C_ref_norm": 147.13599151805107
}