{
  "case_id": 14,
  "category": "medium",
  "requested_cond_A": 15.0,
  "requested_cond_B": 15.0,
  "actual_cond_A": 15.000000000000009,
  "actual_cond_B": 15.00000000000002,
  "seed": 1014,
  "M": 8,
  "K": 8,
  "N": 8,
  "precision": "fp32",
  "A_min": -3.0,
  "A_max": 2.0621433716098316,
  "A_mean": 0.11452234824298185,
  "A_std": 1.0350567428540125,
  "B_min": -2.757823701188136,
  "B_max": 3.0,
  "B_mean": -0.031076054798963734,
  "B_std": 0.9615448865451254,
  "C_ref_min": -6.574793280859599,
  "C_ref_max": 10.326099448541472,
  "C_ref_mean": -0.14147782580777746,
  "C_ref_std": 2.8248851341889556,
  "C_ref_norm": 22.627405679389124
}